{"cameraMode":{"drawMode":0,"name":"Shaded","section":"Shading Mode"},"sceneLighting":true,"audioPlay":false,"sceneViewState":{"m_AlwaysRefresh":true,"showFog":true,"showSkybox":true,"showFlares":true,"showImageEffects":true,"showParticleSystems":true,"showVisualEffectGraphs":true,"m_FxEnabled":true},"in2DMode":false,"pivot":{"x":1.1053712368011475,"y":1.8715202808380128,"z":0.8990312218666077},"rotation":{"x":0.15036161243915559,"y":0.2757047116756439,"z":0.04352886602282524,"w":-0.9483479857444763},"size":1.236435055732727,"orthographic":false}