{"cameraMode":{"drawMode":0,"name":"Shaded","section":"Shading Mode"},"sceneLighting":true,"audioPlay":false,"sceneViewState":{"m_AlwaysRefresh":true,"showFog":true,"showSkybox":true,"showFlares":true,"showImageEffects":true,"showParticleSystems":true,"showVisualEffectGraphs":true,"m_FxEnabled":true},"in2DMode":false,"pivot":{"x":-0.3013976812362671,"y":-0.2367032766342163,"z":4.487722873687744},"rotation":{"x":-0.1540944129228592,"y":0.03197489306330681,"z":-0.005150023382157087,"w":-0.9874593019485474},"size":7.389266014099121,"orthographic":false}