{"cameraMode":{"drawMode":0,"name":"Shaded","section":"Shading Mode"},"sceneLighting":false,"audioPlay":false,"sceneViewState":{"m_AlwaysRefresh":true,"showFog":true,"showSkybox":false,"showFlares":true,"showImageEffects":true,"showParticleSystems":true,"showVisualEffectGraphs":true,"m_FxEnabled":true},"in2DMode":false,"pivot":{"x":0.3487616777420044,"y":1.0798563957214356,"z":-0.11256659030914307},"rotation":{"x":0.0009804036235436798,"y":0.9954949021339417,"z":0.008636925369501114,"w":-0.09375286847352982},"size":2.1868255138397219,"orthographic":false}